b_exp,c_exp,time_b,time_c,executions
1,1,188438,187912,8388608
1,2,17987,18025,1048576
1,3,145500,143990,8388608
1,4,17992,18010,1048576
1,5,14303,14316,33554432
1,6,185850,186158,4194304
1,7,14316,14300,33554432
1,8,19763,20163,1048576
1,9,13506,13532,524288
1,10,10034,10076,524288
1,11,23618,23533,1048576
1,12,194356,194174,4194304
1,13,31960,31940,524288
1,14,24095,24076,262144
1,15,14700,14600,32768
1,16,16343,16382,131072
1,17,163976,163852,262144
1,18,12254,12263,8192
1,19,12238,12324,2048
1,20,229209,229018,536870912
1,21,19743,19720,2048
1,22,14066,14471,2048
1,23,24664,24575,256
1,24,14307,14301,33554432
2,1,187905,188182,8388608
2,2,18063,17996,1048576
2,3,35991,35978,2097152
2,4,144023,144202,8388608
2,5,229348,229769,536870912
2,6,184818,184838,4194304
2,7,23291,23252,524288
2,8,12749,12775,262144
2,9,163147,163246,8388608
2,10,59398,59918,1048576
2,11,114509,115139,268435456
2,12,14329,14316,33554432
2,13,10856,10705,65536
2,14,33084,33013,131072
2,15,13761,13734,65536
2,16,26447,26423,32768
2,17,229067,228929,536870912
2,18,14576,14541,4096
2,19,12315,12260,2048
2,20,213227,213000,16384
2,21,28801,28661,67108864
2,22,12436,12417,256
2,23,169504,168904,1024
2,24,26377,26315,128
3,1,17985,17999,1048576
3,2,18038,17987,1048576
3,3,144293,143987,8388608
3,4,72075,72007,4194304
3,5,17996,18046,1048576
3,6,23273,23264,524288
3,7,23638,23464,524288
3,8,103803,103448,2097152
3,9,26381,26358,524288
3,10,29660,29952,524288
3,11,12327,12265,131072
3,12,136862,136856,1048576
3,13,10722,10695,65536
3,14,33554,33447,131072
3,15,14301,14284,32768
3,16,53697,53511,65536
3,17,13052,13020,8192
3,18,14018,14041,4096
3,19,12438,12368,2048
3,20,221467,213895,16384
3,21,80013,79477,8192
3,22,14469,14286,256
3,23,11322,11152,64
3,24,20073,20188,64
4,1,36184,36027,2097152
4,2,18013,17990,1048576
4,3,17986,18002,1048576
4,4,35988,36077,2097152
4,5,35983,36000,2097152
4,6,46933,46444,1048576
4,7,188643,188343,4194304
4,8,25870,26041,524288
4,9,13197,13188,262144
4,10,29644,29687,524288
4,11,23329,23126,262144
4,12,15841,15802,131072
4,13,21436,21391,131072
4,14,17089,17184,65536
4,15,29155,29191,65536
4,16,26760,26696,32768
4,17,51769,51814,32768
4,18,14004,14114,4096
4,19,12285,12335,2048
4,20,13354,13333,1024
4,21,204118,203635,8192
4,22,49785,49699,1024
4,23,11376,11433,64
4,24,15236,15098,32
5,1,18027,17985,1048576
5,2,18005,17987,1048576
5,3,17986,18002,1048576
5,4,18055,17990,1048576
5,5,35970,36014,2097152
5,6,46173,46126,1048576
5,7,11628,11638,262144
5,8,12749,12769,262144
5,9,208637,209175,4194304
5,10,14840,14846,262144
5,11,12606,12517,131072
5,12,137526,137611,1048576
5,13,21490,21410,131072
5,14,33039,32991,131072
5,15,58729,58360,131072
5,16,13703,13404,16384
5,17,52707,52293,32768
5,18,14056,14021,4096
5,19,12399,12255,2048
5,20,53337,53364,4096
5,21,156548,183480,4096
5,22,41530,41007,512
5,23,44939,45162,256
5,24,15154,14934,32
6,1,28630,28610,67108864
6,2,11614,11609,262144
6,3,189364,186783,4194304
6,4,186086,185844,4194304
6,5,46502,46693,1048576
6,6,92968,92883,2097152
6,7,188466,188062,4194304
6,8,51677,51626,1048576
6,9,211564,210972,4194304
6,10,14881,14840,262144
6,11,12320,12268,131072
6,12,15826,15800,131072
6,13,21434,21400,131072
6,14,16546,16620,65536
6,15,28575,28583,65536
6,16,13205,13237,16384
6,17,25688,25625,16384
6,18,145426,145682,32768
6,19,12314,12244,2048
6,20,26665,26647,2048
6,21,50897,51002,2048
6,22,24831,24859,512
6,23,165735,166092,1024
6,24,21014,21273,64
7,1,35058,35024,2097152
7,2,17642,17666,1048576
7,3,94060,93876,2097152
7,4,11736,11713,262144
7,5,23447,23460,524288
7,6,93969,93775,2097152
7,7,12876,12932,524288
7,8,15266,15402,524288
7,9,10568,10715,262144
7,10,17018,16871,262144
7,11,201620,201840,2097152
7,12,10940,10951,65536
7,13,19525,19416,65536
7,14,18292,18381,32768
7,15,36559,36670,32768
7,16,17886,17819,8192
7,17,35474,35286,8192
7,18,145769,146437,16384
7,19,19043,19020,1024
7,20,141467,141594,4096
7,21,34713,34743,512
7,22,17245,17327,128
7,23,34397,34946,128
7,24,10675,10871,16
8,1,57251,57271,134217728
8,2,12985,13032,262144
8,3,26069,26021,524288
8,4,13026,12981,262144
8,5,209095,208200,4194304
8,6,103920,104127,2097152
8,7,15256,15394,524288
8,8,43878,43947,1048576
8,9,20030,20098,262144
8,10,12207,11996,131072
8,11,20158,19424,131072
8,12,18902,18926,65536
8,13,17980,17858,32768
8,14,17915,17902,16384
8,15,17542,17562,8192
8,16,17338,17301,4096
8,17,68912,68847,8192
8,18,34881,35022,2048
8,19,72818,72657,2048
8,20,17146,17216,256
8,21,137080,137225,1024
8,22,68175,68265,256
8,23,34023,34076,64
8,24,39140,39576,32
9,1,14326,14301,33554432
9,2,13188,13209,262144
9,3,52823,52715,1048576
9,4,210377,210586,4194304
9,5,13197,13212,262144
9,6,26425,26393,524288
9,7,10585,10636,262144
9,8,20024,20160,262144
9,9,13429,13202,131072
9,10,22182,20822,131072
9,11,67756,67953,262144
9,12,34187,34144,65536
9,13,17603,17481,16384
9,14,34750,34490,16384
9,15,137193,136990,32768
9,16,17042,17019,2048
9,17,34106,33992,2048
9,18,17110,17139,512
9,19,142324,142843,2048
9,20,34087,34139,256
9,21,16954,16965,64
9,22,16911,16923,32
9,23,33830,33858,32
9,24,18592,18814,8
10,1,14355,14553,33554432
10,2,59159,59383,1048576
10,3,118343,118450,2097152
10,4,29583,29618,524288
10,5,238465,238421,4194304
10,6,14780,14817,262144
10,7,17029,16878,262144
10,8,12092,11986,131072
10,9,11143,11023,65536
10,10,18631,18251,65536
10,11,15371,15338,32768
10,12,129476,129572,131072
10,13,17046,16939,8192
10,14,17009,16913,4096
10,15,16932,16893,2048
10,16,67695,67519,4096
10,17,33791,33744,1024
10,18,136157,135971,2048
10,19,34883,34949,256
10,20,16957,16980,64
10,21,16902,16894,32
10,22,16879,16859,16
10,23,135266,134996,64
10,24,18216,18345,4
11,1,28616,28630,67108864
11,2,11678,11601,131072
11,3,11657,11601,131072
11,4,11714,11622,131072
11,5,11670,11603,131072
11,6,11704,11603,131072
11,7,201755,201727,2097152
11,8,19696,19431,131072
11,9,16931,17004,65536
11,10,30694,30711,65536
11,11,58198,58754,65536
11,12,63730,63790,32768
11,13,33516,33491,8192
11,14,16780,16802,2048
11,15,134802,134870,8192
11,16,67295,67413,2048
11,17,33676,33649,512
11,18,67482,67405,512
11,19,17338,17270,64
11,20,33817,33842,64
11,21,157631,157427,128
11,22,36330,35751,16
11,23,34583,34005,8
11,24,18091,18358,2
12,1,231310,231242,4194304
12,2,13938,13883,131072
12,3,17000,17018,131072
12,4,16998,17010,131072
12,5,34128,34057,262144
12,6,16990,17035,131072
12,7,10934,10977,65536
12,8,18903,19064,65536
12,9,17093,17072,32768
12,10,32375,32361,32768
12,11,63741,63755,32768
12,12,52462,51044,16384
12,13,15866,13011,2048
12,14,17146,13009,1024
12,15,17644,13014,512
12,16,17871,12964,256
12,17,18018,12848,128
12,18,19067,12947,64
12,19,18983,12941,32
12,20,18506,12932,16
12,21,18277,12928,8
12,22,17926,12974,4
12,23,17826,12960,2
12,24,38727,26027,2
13,1,38973,38841,1048576
13,2,21544,21378,131072
13,3,10729,10692,65536
13,4,10898,10696,65536
13,5,42832,42797,262144
13,6,10709,10693,65536
13,7,77568,78017,262144
13,8,17914,17841,32768
13,9,17524,17472,16384
13,10,16935,17213,8192
13,11,134094,134010,32768
13,12,15699,13152,2048
13,13,20984,21026,2048
13,14,14781,10928,512
13,15,16632,10770,256
13,16,17254,10827,128
13,17,17692,10819,64
13,18,18841,10768,32
13,19,19167,10881,16
13,20,18940,10848,8
13,21,18506,10687,4
13,22,18654,10813,2
13,23,18919,10861,1
13,24,40659,21819,1
14,1,28663,28613,67108864
14,2,33032,32990,131072
14,3,16527,16497,65536
14,4,16531,16495,65536
14,5,16532,16489,65536
14,6,16533,16564,65536
14,7,18423,18231,32768
14,8,17918,17892,16384
14,9,34602,34474,16384
14,10,33902,33820,8192
14,11,33636,33587,4096
14,12,16733,12836,1024
14,13,14809,10788,512
14,14,34945,35021,1024
14,15,27389,17200,256
14,16,32520,17198,128
14,17,35162,17237,64
14,18,36873,17363,32
14,19,39408,17261,16
14,20,38477,17345,8
14,21,37187,17297,4
14,22,38207,17331,2
14,23,37724,17352,1
14,24,81355,34864,1
15,1,14308,14301,33554432
15,2,14289,14266,65536
15,3,29102,29300,65536
15,4,116452,117223,262144
15,5,29136,29124,65536
15,6,233332,233439,524288
15,7,18302,18509,16384
15,8,17547,17504,8192
15,9,68491,68507,16384
15,10,16915,16898,2048
15,11,16802,16856,1024
15,12,17231,12981,512
15,13,32844,21571,512
15,14,27556,17250,256
15,15,12682,12773,128
15,16,14778,12919,64
15,17,18852,12868,32
15,18,24143,12899,16
15,19,26333,12904,8
15,20,35845,12901,4
15,21,41916,12873,2
15,22,46133,12842,1
15,23,127190,25628,1
15,24,284675,51664,1
16,1,12360,12432,16384
16,2,26663,26772,32768
16,3,26667,26638,32768
16,4,53363,53297,65536
16,5,26821,26691,32768
16,6,53348,53315,65536
16,7,17945,17851,8192
16,8,34699,34586,8192
16,9,17079,17030,2048
16,10,16907,16870,1024
16,11,134630,134770,4096
16,12,17487,12879,256
16,13,17568,10887,128
16,14,32694,17246,128
16,15,14750,12934,64
16,16,36917,37133,128
16,17,21123,18459,32
16,18,27940,18480,16
16,19,33033,18468,8
16,20,37329,18425,4
16,21,52730,18455,2
16,22,57365,18436,1
16,23,128598,36945,1
16,24,349234,74203,1
17,1,14358,14301,33554432
17,2,10193,10184,16384
17,3,13044,13017,8192
17,4,13040,12997,8192
17,5,13034,12997,8192
17,6,104294,104774,65536
17,7,17688,17639,4096
17,8,17214,17285,2048
17,9,137196,135931,8192
17,10,16901,16871,512
17,11,33638,33870,512
17,12,17546,12944,128
17,13,18624,10749,64
17,14,35814,17399,64
17,15,18706,12898,32
17,16,21198,18424,32
17,17,13200,13221,16
17,18,15184,13475,8
17,19,20470,13292,4
17,20,23378,13371,2
17,21,26743,13339,1
17,22,68919,26698,1
17,23,160219,53301,1
17,24,357665,106761,1
18,1,28659,28604,67108864
18,2,28016,28053,8192
18,3,28042,28025,8192
18,4,293690,283114,65536
18,5,14009,14042,4096
18,6,28159,28057,8192
18,7,146284,146189,16384
18,8,34969,34931,2048
18,9,137399,137760,4096
18,10,135807,136028,2048
18,11,16877,16851,128
18,12,20165,13086,64
18,13,19760,10752,32
18,14,37706,17540,32
18,15,24091,12877,16
18,16,27896,18507,16
18,17,15184,13401,8
18,18,18983,19025,8
18,19,21385,19072,4
18,20,27719,19049,2
18,21,33440,19000,1
18,22,72674,38090,1
18,23,192647,75930,1
18,24,446925,152538,1
19,1,18725,18409,8192
19,2,52829,52876,8192
19,3,24845,24477,4096
19,4,12368,12246,2048
19,5,24745,24491,4096
19,6,12370,12238,2048
19,7,19129,19199,1024
19,8,18266,18246,512
19,9,17727,17689,256
19,10,17516,17451,128
19,11,17411,17268,64
19,12,18984,12937,32
19,13,19241,10812,16
19,14,37731,17269,16
19,15,26269,12855,8
19,16,33178,18545,8
19,17,20409,13385,4
19,18,21054,19315,4
19,19,13214,13234,2
19,20,14787,13113,1
19,21,39980,26220,1
19,22,90962,52478,1
19,23,201903,105031,1
19,24,535647,210586,1
20,1,46283,46199,8192
20,2,11575,11552,2048
20,3,26733,26648,2048
20,4,13328,13339,1024
20,5,213351,213551,16384
20,6,213682,213500,16384
20,7,35077,35114,1024
20,8,34401,34452,512
20,9,136959,136817,1024
20,10,67919,67949,256
20,11,136048,135557,256
20,12,18600,12933,16
20,13,19036,10680,8
20,14,39622,17332,8
20,15,35847,12954,4
20,16,37330,18424,4
20,17,23464,13371,2
20,18,28083,19031,2
20,19,14842,13207,1
20,20,18463,18527,1
20,21,42224,37031,1
20,22,108511,74053,1
20,23,253176,147927,1
20,24,559898,295552,1
21,1,25489,25607,1024
21,2,25479,25518,1024
21,3,207309,204275,8192
21,4,204341,204199,8192
21,5,25475,25491,1024
21,6,25480,25495,1024
21,7,72048,70664,1024
21,8,143743,144618,1024
21,9,37960,36252,128
21,10,39918,39759,64
21,11,158092,157622,128
21,12,18389,12906,8
21,13,18559,10743,4
21,14,39146,17363,4
21,15,42318,12852,2
21,16,52682,18401,2
21,17,26841,13308,1
21,18,33602,19044,1
21,19,40078,26513,1
21,20,42185,37041,1
21,21,211719,211522,4
21,22,114236,105496,1
21,23,300181,211184,1
21,24,700321,422263,1
22,1,18788,18776,1024
22,2,24865,24910,512
22,3,49765,49743,1024
22,4,49751,50081,1024
22,5,24895,24868,512
22,6,198979,199246,4096
22,7,138638,139004,1024
22,8,34720,35268,128
22,9,17895,17227,32
22,10,36584,35390,32
22,11,36258,34988,16
22,12,18276,13195,4
22,13,18455,10806,2
22,14,37761,17374,2
22,15,46299,12861,1
22,16,57374,18478,1
22,17,68994,26673,1
22,18,72648,38039,1
22,19,91373,52580,1
22,20,108578,73797,1
22,21,115073,105593,1
22,22,142863,143368,1
22,23,316534,285956,1
22,24,832872,570541,1
23,1,28648,28608,67108864
23,2,14227,15641,1024
23,3,10522,10592,64
23,4,10513,10556,64
23,5,21078,21118,128
23,6,169796,169508,1024
23,7,137928,138462,512
23,8,17009,17053,32
23,9,16953,16915,16
23,10,135198,135016,64
23,11,135229,134710,32
23,12,18287,12968,2
23,13,19063,10822,1
23,14,38618,17291,1
23,15,127248,25642,1
23,16,128962,37053,1
23,17,160496,53355,1
23,18,193288,76070,1
23,19,201955,105239,1
23,20,252794,147989,1
23,21,300504,210039,1
23,22,316601,286322,1
23,23,395833,396295,1
23,24,877937,793585,1
24,1,10164,10098,32
24,2,14297,14309,33554432
24,3,11181,11238,32
24,4,11213,11150,32
24,5,179697,180333,512
24,6,11654,11253,32
24,7,10581,10638,16
24,8,19562,19729,16
24,9,18709,18819,8
24,10,18172,18132,4
24,11,143563,143859,16
24,12,19130,12995,1
24,13,40683,21736,1
24,14,79262,34724,1
24,15,285412,51552,1
24,16,347991,74054,1
24,17,358298,107088,1
24,18,446042,152142,1
24,19,535308,210729,1
24,20,560376,296289,1
24,21,701085,420652,1
24,22,836944,577231,1
24,23,883694,793930,1
24,24,1098997,1099908,1
1,1,193968,193826,8388608
1,2,57646,57240,134217728
1,3,17986,18020,1048576
1,4,143768,143931,8388608
1,5,143927,144457,8388608
1,6,36006,36191,2097152
1,7,97596,97398,4194304
1,8,19776,20163,1048576
1,9,20367,20427,1048576
1,10,29652,29688,524288
1,11,21663,21512,262144
1,12,12931,12956,262144
1,13,21421,21488,131072
1,14,50242,50207,1048576
1,15,14321,14282,32768
1,16,32813,32950,262144
1,17,73308,73280,131072
1,18,224161,224140,131072
1,19,18470,18421,8192
1,20,26678,26648,2048
1,21,19830,19885,2048
1,22,24862,24895,512
1,23,18078,22046,1024
1,24,10748,10598,32
2,1,28672,28605,67108864
2,2,28605,28646,67108864
2,3,35993,35976,2097152
2,4,72038,72082,4194304
2,5,36027,36147,2097152
2,6,23064,23261,524288
2,7,23253,23283,524288
2,8,204102,204357,4194304
2,9,13033,13059,262144
2,10,29683,29747,524288
2,11,47370,47192,524288
2,12,16300,16200,131072
2,13,10820,10756,65536
2,14,132175,132239,524288
2,15,10048,10111,131072
2,16,211508,211315,262144
2,17,12935,12920,8192
2,18,14446,14335,4096
2,19,13192,13229,2048
2,20,26664,26681,2048
2,21,19903,19942,2048
2,22,37539,37562,2048
2,23,84599,84684,512
2,24,10028,10116,32
3,1,144427,143968,8388608
3,2,36176,35996,2097152
3,3,35973,36005,2097152
3,4,144194,143970,8388608
3,5,143984,143995,8388608
3,6,11634,11611,262144
3,7,188171,187886,4194304
3,8,207339,206689,4194304
3,9,13179,13225,262144
3,10,29654,29717,524288
3,11,11624,11554,131072
3,12,16276,16320,131072
3,13,171864,171186,1048576
3,14,33090,33012,131072
3,15,229195,228691,524288
3,16,211890,211681,262144
3,17,51357,51507,32768
3,18,55918,56085,16384
3,19,12313,12239,2048
3,20,106535,107054,8192
3,21,12761,12724,512
3,22,24828,24840,512
3,23,10518,10581,64
3,24,84312,84482,256
4,1,144471,143966,8388608
4,2,69128,69081,4194304
4,3,17983,18012,1048576
4,4,18023,17995,1048576
4,5,35977,36018,2097152
4,6,23326,23233,524288
4,7,23482,23946,524288
4,8,25804,25868,524288
4,9,13195,13252,262144
4,10,14830,14842,262144
4,11,23213,23107,262144
4,12,16299,16430,131072
4,13,10715,10707,65536
4,14,16534,16503,65536
4,15,14309,14278,32768
4,16,26418,26454,32768
4,17,51344,51319,32768
4,18,145146,145344,32768
4,19,49073,49040,8192
4,20,15245,15422,512
4,21,50908,50888,2048
4,22,198704,198871,4096
4,23,21095,21009,128
4,24,42797,42457,128
5,1,137751,137583,8388608
5,2,35967,36017,2097152
5,3,143971,144873,8388608
5,4,143889,143913,8388608
5,5,144008,144019,8388608
5,6,46467,46452,1048576
5,7,188574,187850,4194304
5,8,12896,12935,262144
5,9,211575,211082,4194304
5,10,14827,14837,262144
5,11,11598,11563,131072
5,12,65081,65179,524288
5,13,10711,10695,65536
5,14,33097,33020,131072
5,15,14320,14354,32768
5,16,105783,105698,131072
5,17,206732,206862,131072
5,18,28300,28408,8192
5,19,12312,12254,2048
5,20,26663,26617,2048
5,21,25540,25444,1024
5,22,49697,49671,1024
5,23,21053,21123,128
5,24,169101,169844,512
6,1,138330,138223,8388608
6,2,92956,92853,2097152
6,3,46486,46442,1048576
6,4,11619,11608,262144
6,5,187691,187095,4194304
6,6,94788,92988,2097152
6,7,12185,12259,262144
6,8,12934,12924,262144
6,9,106331,105689,2097152
6,10,59354,60164,1048576
6,11,11605,11564,131072
6,12,131475,132254,1048576
6,13,10715,10699,65536
6,14,133542,132785,524288
6,15,236405,236657,524288
6,16,13363,13332,16384
6,17,13578,13285,8192
6,18,28126,28081,8192
6,19,12323,12253,2048
6,20,437102,410648,8192
6,21,31207,31105,512
6,22,14264,14443,256
6,23,217440,218678,1024
6,24,45798,45111,128
7,1,17639,17647,1048576
7,2,23423,23459,524288
7,3,192156,191676,4194304
7,4,189374,191057,4194304
7,5,11805,11719,262144
7,6,11723,11749,262144
7,7,13303,13463,524288
7,8,15287,15405,524288
7,9,165884,164053,4194304
7,10,16981,16868,262144
7,11,214486,204949,2097152
7,12,170221,168901,1048576
7,13,19498,19393,65536
7,14,73722,74696,131072
7,15,147054,147083,131072
7,16,17940,17884,8192
7,17,141794,142472,32768
7,18,146761,147186,16384
7,19,18971,19043,1024
7,20,17533,17739,512
7,21,140287,139956,2048
7,22,138420,138335,1024
7,23,70121,69035,256
7,24,174061,175539,256
8,1,19760,20492,1048576
8,2,207647,206828,4194304
8,3,207865,208284,4194304
8,4,208383,209673,4194304
8,5,103610,105199,2097152
8,6,27159,25800,524288
8,7,30532,30810,1048576
8,8,10956,10983,262144
8,9,20008,20190,262144
8,10,12377,12273,131072
8,11,20289,19809,131072
8,12,149964,151447,524288
8,13,73504,72360,131072
8,14,71341,71590,65536
8,15,17514,17562,8192
8,16,140348,140355,32768
8,17,34803,35350,4096
8,18,36331,35192,2048
8,19,146557,146194,4096
8,20,138773,140391,2048
8,21,137870,138227,1024
8,22,139481,137518,512
8,23,17837,18117,32
8,24,19698,20487,16
9,1,54759,55433,1048576
9,2,81251,82820,4194304
9,3,13197,13180,262144
9,4,26393,26358,524288
9,5,13232,13189,262144
9,6,13191,13206,262144
9,7,10874,11134,262144
9,8,19990,20241,262144
9,9,13419,13212,131072
9,10,23056,21844,131072
9,11,17075,17553,65536
9,12,67613,69288,131072
9,13,17705,17484,16384
9,14,141058,138996,65536
9,15,17117,17100,4096
9,16,17133,17006,2048
9,17,16991,16974,1024
9,18,140173,137985,4096
9,19,35701,36368,512
9,20,138273,137803,1024
9,21,16967,17012,64
9,22,137181,136957,256
9,23,138089,136864,128
9,24,78042,75033,32
10,1,14907,14862,262144
10,2,29088,29344,524288
10,3,30015,29890,524288
10,4,240772,239482,4194304
10,5,14775,14794,262144
10,6,14776,14792,262144
10,7,17119,16861,262144
10,8,24713,23973,262144
10,9,11194,10663,65536
10,10,76170,74587,262144
10,11,15847,15908,32768
10,12,16113,16303,16384
10,13,17438,17809,8192
10,14,136268,137350,32768
10,15,17087,16884,2048
10,16,69082,67931,4096
10,17,137036,136830,4096
10,18,137091,136411,2048
10,19,70993,69808,512
10,20,34259,35140,128
10,21,138293,136189,256
10,22,69194,67852,64
10,23,17053,16849,8
10,24,23297,18338,4
11,1,115659,116695,268435456
11,2,11702,11630,131072
11,3,11842,11697,131072
11,4,98349,95168,1048576
11,5,11811,11709,131072
11,6,12544,12135,131072
11,7,209921,213489,2097152
11,8,20171,19590,131072
11,9,16931,17184,65536
11,10,15550,15406,32768
11,11,119293,117775,131072
11,12,16498,16278,8192
11,13,16791,16943,4096
11,14,135891,136945,16384
11,15,33813,34229,2048
11,16,68950,67407,2048
11,17,136079,135851,2048
11,18,136269,138067,1024
11,19,71099,69303,256
11,20,136571,136612,256
11,21,136705,136584,128
11,22,139262,137244,64
11,23,135335,136234,32
11,24,144363,146278,16
12,1,33001,32463,262144
12,2,65873,64519,524288
12,3,16341,16359,131072
12,4,32703,32752,262144
12,5,32678,32744,262144
12,6,131248,129768,1048576
12,7,170599,171219,1048576
12,8,147481,151759,524288
12,9,16904,17000,32768
12,10,131959,128855,131072
12,11,15868,15904,8192
12,12,52067,52115,16384
12,13,16371,13322,2048
12,14,17090,12956,1024
12,15,17961,13501,512
12,16,17881,12914,256
12,17,18033,13393,128
12,18,20372,12984,64
12,19,20004,13534,32
12,20,18582,12978,16
12,21,19294,13545,8
12,22,18962,12956,4
12,23,18366,13113,2
12,24,19354,13039,1
13,1,59292,58363,524288
13,2,79477,78540,2097152
13,3,22352,21964,131072
13,4,10792,10783,65536
13,5,10804,10778,65536
13,6,183485,182636,1048576
13,7,157589,157766,524288
13,8,19035,18741,32768
13,9,17496,17523,16384
13,10,33880,34060,16384
13,11,134605,134634,32768
13,12,15026,13003,2048
13,13,174097,175496,16384
13,14,14865,10821,512
13,15,17676,11241,256
13,16,17695,10842,128
13,17,18398,10852,64
13,18,20503,10841,32
13,19,19768,10897,16
13,20,18836,10827,8
13,21,18915,10799,4
13,22,18498,10845,2
13,23,19077,10811,1
13,24,44690,22389,1
14,1,12082,12083,131072
14,2,139123,137894,524288
14,3,35015,34269,131072
14,4,136444,137020,524288
14,5,17001,16725,65536
14,6,138529,136177,524288
14,7,148843,147438,262144
14,8,17914,17885,16384
14,9,34766,34847,16384
14,10,137029,138680,32768
14,11,135566,136174,16384
14,12,16816,13084,1024
14,13,15114,10922,512
14,14,140969,142580,4096
14,15,27871,17262,256
14,16,32871,17263,128
14,17,35415,17230,64
14,18,37079,17355,32
14,19,39919,17310,16
14,20,39927,17383,8
14,21,38208,17359,4
14,22,39824,17851,2
14,23,38962,17427,1
14,24,84455,35653,1
15,1,82369,81079,1048576
15,2,83235,84880,524288
15,3,14556,14682,32768
15,4,29103,29291,65536
15,5,58772,58318,131072
15,6,234772,234852,524288
15,7,147374,146320,131072
15,8,17515,17494,8192
15,9,139074,136952,32768
15,10,137538,135706,16384
15,11,67215,67635,4096
15,12,17684,12798,512
15,13,16960,10802,256
15,14,28210,17409,256
15,15,13269,13389,128
15,16,14723,12829,64
15,17,19532,13379,32
15,18,24010,12897,16
15,19,27434,13150,8
15,20,36152,13127,4
15,21,41786,12865,2
15,22,46631,12996,1
15,23,127580,26605,1
15,24,285122,51437,1
16,1,49468,50757,65536
16,2,13463,13565,16384
16,3,107802,111121,131072
16,4,13461,13492,16384
16,5,229001,217171,262144
16,6,13262,13505,16384
16,7,17917,17849,8192
16,8,69428,70338,16384
16,9,17039,17008,2048
16,10,33961,33736,2048
16,11,33614,33619,1024
16,12,17435,12920,256
16,13,17479,10783,128
16,14,32260,17353,128
16,15,14992,13345,64
16,16,150137,149146,512
16,17,21113,18445,32
16,18,55936,36900,32
16,19,33154,18754,8
16,20,37261,18434,4
16,21,54097,18889,2
16,22,58423,18812,1
16,23,260908,75811,2
16,24,352475,74179,1
17,1,201735,201782,131072
17,2,20407,20132,32768
17,3,104102,103116,65536
17,4,25771,25889,16384
17,5,211421,210585,131072
17,6,12935,13144,8192
17,7,142698,141247,32768
17,8,138336,139591,16384
17,9,136691,136944,8192
17,10,16867,16863,512
17,11,136502,136730,2048
17,12,18056,12938,128
17,13,17881,10773,64
17,14,35121,17390,64
17,15,19186,13235,32
17,16,21236,18441,32
17,17,106935,108204,128
17,18,15162,13324,8
17,19,20613,13357,4
17,20,23555,13357,2
17,21,26856,13629,1
17,22,71433,26612,1
17,23,164349,53540,1
17,24,366080,107615,1
18,1,99582,99123,32768
18,2,14035,14143,4096
18,3,129188,140338,32768
18,4,29412,29333,8192
18,5,136603,138683,32768
18,6,14059,14009,4096
18,7,18195,18140,2048
18,8,17455,17470,1024
18,9,137162,139725,4096
18,10,16957,16942,256
18,11,135945,136588,1024
18,12,20978,12921,64
18,13,19294,10801,32
18,14,37985,17633,32
18,15,24087,12999,16
18,16,28164,18446,16
18,17,15192,13488,8
18,18,37914,38559,16
18,19,21103,19034,4
18,20,28045,19241,2
18,21,34203,19280,1
18,22,73846,38334,1
18,23,196835,76055,1
18,24,449976,153294,1
19,1,100399,98145,16384
19,2,12955,12666,2048
19,3,12319,12241,2048
19,4,49282,48954,8192
19,5,12307,12230,2048
19,6,12308,12231,2048
19,7,18950,18994,1024
19,8,72638,73697,2048
19,9,17660,17634,256
19,10,17440,17370,128
19,11,34766,34496,128
19,12,154606,103819,256
19,13,18705,10867,16
19,14,39459,17365,16
19,15,26291,12857,8
19,16,33101,18440,8
19,17,20496,13316,4
19,18,22304,19374,4
19,19,13270,13299,2
19,20,14806,13208,1
19,21,41317,26840,1
19,22,92957,52814,1
19,23,204044,105178,1
19,24,537808,212469,1
20,1,144126,143819,65536
20,2,13643,13591,1024
20,3,26665,26680,2048
20,4,26984,26679,2048
20,5,195650,195254,4096
20,6,26740,26658,2048
20,7,70105,71680,2048
20,8,137491,138176,2048
20,9,67956,69168,512
20,10,16954,16878,64
20,11,67628,67648,128
20,12,18481,12946,16
20,13,18464,10817,8
20,14,37318,17284,8
20,15,36978,13340,4
20,16,37351,18581,4
20,17,24306,13593,2
20,18,27842,19034,2
20,19,14769,13255,1
20,20,73784,74022,4
20,21,42098,36977,1
20,22,109768,75342,1
20,23,257190,149753,1
20,24,566876,299756,1
21,1,13129,13101,256
21,2,104246,101998,4096
21,3,258978,252936,4096
21,4,12745,12735,512
21,5,12739,12732,512
21,6,50922,50913,2048
21,7,18085,17773,256
21,8,138647,138132,1024
21,9,16949,16921,64
21,10,37115,38468,64
21,11,145484,146695,128
21,12,18082,13301,8
21,13,19457,11260,4
21,14,37242,17291,4
21,15,42429,12939,2
21,16,53519,18478,2
21,17,27457,13763,1
21,18,33620,19019,1
21,19,39724,26285,1
21,20,43764,37923,1
21,21,52490,52678,1
21,22,114807,106546,1
21,23,305266,212400,1
21,24,711264,423814,1
22,1,28620,29092,67108864
22,2,12427,12440,256
22,3,199356,206838,4096
22,4,12455,12438,256
22,5,25166,24869,512
22,6,13167,13080,256
22,7,138171,140869,1024
22,8,68178,68228,256
22,9,33845,33978,64
22,10,17357,17997,16
22,11,139117,139741,64
22,12,18519,12945,4
22,13,18360,10888,2
22,14,37670,17322,2
22,15,47377,13230,1
22,16,57911,18539,1
22,17,69578,26780,1
22,18,72974,38069,1
22,19,93235,52762,1
22,20,109660,75883,1
22,21,117773,105524,1
22,22,147256,144334,1
22,23,320374,288084,1
22,24,843450,578734,1
23,1,231436,232308,536870912
23,2,85989,92948,512
23,3,215769,217644,1024
23,4,201580,204310,1024
23,5,12915,12811,64
23,6,25496,25362,128
23,7,138155,140816,512
23,8,33994,34318,64
23,9,33806,33859,32
23,10,182764,138820,64
23,11,17193,17416,4
23,12,18367,12950,2
23,13,18770,10903,1
23,14,39272,17631,1
23,15,127930,26196,1
23,16,130576,37032,1
23,17,161250,53541,1
23,18,391052,155422,2
23,19,203751,105094,1
23,20,256224,151089,1
23,21,305018,213178,1
23,22,320394,289892,1
23,23,404186,404952,1
23,24,887788,800572,1
24,1,169088,167458,1024
24,2,11086,10957,32
24,3,173023,174121,512
24,4,10920,11066,32
24,5,22392,22112,64
24,6,11532,11386,32
24,7,10673,10831,16
24,8,19958,20394,16
24,9,18766,18927,8
24,10,36659,37163,8
24,11,145969,146178,16
24,12,19814,13090,1
24,13,41148,22168,1
24,14,82650,35138,1
24,15,574802,103379,2
24,16,356897,75272,1
24,17,362384,108658,1
24,18,448696,153030,1
24,19,542877,212348,1
24,20,568090,300838,1
24,21,714385,427842,1
24,22,841746,582370,1
24,23,889771,802093,1
24,24,1108327,1114842,1
1,1,231518,231387,536870912
1,2,36003,36042,2097152
1,3,28653,28622,67108864
1,4,144374,144009,8388608
1,5,114767,115553,268435456
1,6,114510,116768,268435456
1,7,191442,191173,4194304
1,8,13200,13083,524288
1,9,212158,210731,4194304
1,10,121464,123521,4194304
1,11,12003,11763,524288
1,12,21581,21475,262144
1,13,157254,156104,4194304
1,14,12648,12653,262144
1,15,14313,14319,32768
1,16,53484,54648,65536
1,17,115238,117407,268435456
1,18,229908,232342,536870912
1,19,114508,117351,268435456
1,20,14316,14306,33554432
1,21,35248,35177,8192
1,22,14170,14503,256
1,23,12408,12472,128
1,24,75630,77854,512
2,1,12101,12106,524288
2,2,23492,23641,1048576
2,3,146136,146121,8388608
2,4,144094,144928,8388608
2,5,17998,18013,1048576
2,6,187230,189025,4194304
2,7,12165,12316,262144
2,8,14512,14072,262144
2,9,105519,106329,2097152
2,10,28884,28819,524288
2,11,11784,11645,131072
2,12,33326,33337,524288
2,13,21588,21408,131072
2,14,107936,106947,524288
2,15,14909,14703,32768
2,16,13354,13398,16384
2,17,36652,37247,65536
2,18,137698,135028,32768
2,19,24720,24529,4096
2,20,234860,180027,32768
2,21,28274,28256,8192
2,22,12419,12502,256
2,23,21070,20985,128
2,24,195222,196998,512
3,1,138142,140279,8388608
3,2,18013,18140,1048576
3,3,143916,146815,8388608
3,4,143993,144241,8388608
3,5,35939,35979,2097152
3,6,12148,12105,262144
3,7,191753,191268,4194304
3,8,12906,12969,262144
3,9,213311,214205,4194304
3,10,14832,14859,262144
3,11,11612,11563,131072
3,12,20960,20748,262144
3,13,182537,182570,1048576
3,14,137088,140011,524288
3,15,114367,114709,262144
3,16,109727,107583,131072
3,17,12912,12901,8192
3,18,137147,125167,32768
3,19,12310,12234,2048
3,20,26641,26614,2048
3,21,203652,203566,8192
3,22,24834,24903,512
3,23,14858,14499,128
3,24,11916,12210,32
4,1,17986,18040,1048576
4,2,17985,18003,1048576
4,3,145441,144058,8388608
4,4,145233,145556,8388608
4,5,144786,144332,8388608
4,6,23228,23247,524288
4,7,189473,190356,4194304
4,8,206737,206801,4194304
4,9,13052,13146,262144
4,10,29732,29804,524288
4,11,23729,23629,262144
4,12,16292,16210,131072
4,13,179197,184395,1048576
4,14,16526,16504,65536
4,15,14667,14892,32768
4,16,212965,214529,262144
4,17,12913,12985,8192
4,18,14847,14811,4096
4,19,99036,111663,16384
4,20,107974,107047,8192
4,21,293326,256762,4096
4,22,159109,155636,2048
4,23,219574,216040,1024
4,24,194097,177803,512
5,1,114423,115666,268435456
5,2,36837,36123,2097152
5,3,18608,18289,1048576
5,4,146214,144643,8388608
5,5,35966,35972,2097152
5,6,188369,187412,4194304
5,7,93932,95200,2097152
5,8,209241,207187,4194304
5,9,105312,106516,2097152
5,10,14829,14842,262144
5,11,11608,11574,131072
5,12,32515,32561,262144
5,13,10910,10941,65536
5,14,16503,16491,65536
5,15,29260,29158,65536
5,16,215841,216151,262144
5,17,12899,12940,8192
5,18,14006,14016,4096
5,19,12445,12250,2048
5,20,13306,13299,1024
5,21,104266,101925,4096
5,22,12929,12807,256
5,23,10931,10985,64
5,24,10828,10932,32
6,1,140127,138230,8388608
6,2,188917,190760,8388608
6,3,23222,23216,524288
6,4,46462,46442,1048576
6,5,184474,186338,4194304
6,6,186856,188239,4194304
6,7,46531,47019,1048576
6,8,206116,205806,4194304
6,9,13041,13052,262144
6,10,239845,239958,4194304
6,11,11588,11553,131072
6,12,32629,32681,262144
6,13,11041,11253,65536
6,14,137340,138497,524288
6,15,114658,114530,262144
6,16,106790,109210,131072
6,17,105817,103505,65536
6,18,73793,73653,16384
6,19,24514,24543,4096
6,20,13358,13205,256
6,21,152005,152569,2048
6,22,12907,12708,256
6,23,225873,227652,1024
6,24,10996,10854,32
7,1,230705,229715,536870912
7,2,93978,95940,2097152
7,3,187861,186774,4194304
7,4,188768,187943,4194304
7,5,23236,23336,524288
7,6,186478,186419,4194304
7,7,12835,12843,524288
7,8,30053,30136,1048576
7,9,169408,171684,4194304
7,10,34025,33824,524288
7,11,25174,25190,262144
7,12,10563,10574,65536
7,13,19501,19347,65536
7,14,18701,18343,32768
7,15,146614,148028,131072
7,16,144659,142647,65536
7,17,35348,35282,8192
7,18,149793,146726,16384
7,19,155436,155890,8192
7,20,142359,142271,4096
7,21,142510,149212,2048
7,22,142772,141433,1024
7,23,17212,17361,64
7,24,11077,11250,16
8,1,13009,13020,262144
8,2,20336,20880,1048576
8,3,51873,51159,1048576
8,4,13530,13295,262144
8,5,12906,12798,262144
8,6,208176,206780,4194304
8,7,30077,30330,1048576
8,8,176850,176366,4194304
8,9,19979,20122,262144
8,10,12083,11991,131072
8,11,20442,19995,131072
8,12,18553,18521,65536
8,13,18167,17881,32768
8,14,144206,145033,131072
8,15,35059,35143,16384
8,16,17347,17288,4096
8,17,34451,34392,4096
8,18,70193,71255,4096
8,19,147696,146333,4096
8,20,141694,140619,2048
8,21,138791,138079,1024
8,22,136251,136238,512
8,23,138894,136927,256
8,24,19738,20029,16
9,1,26883,26972,1048576
9,2,50278,50958,2097152
9,3,26452,26395,524288
9,4,26395,26441,524288
9,5,13200,13207,262144
9,6,105675,108527,2097152
9,7,10579,10632,262144
9,8,160127,161860,2097152
9,9,13480,13197,131072
9,10,11095,10969,65536
9,11,33878,34033,131072
9,12,33783,33837,65536
9,13,17888,17498,16384
9,14,139256,138777,65536
9,15,68461,68559,16384
9,16,136747,138311,16384
9,17,137749,136101,8192
9,18,34301,34237,1024
9,19,17650,17626,256
9,20,17318,17047,128
9,21,136169,137843,512
9,22,135486,135466,256
9,23,135904,137161,128
9,24,149998,150956,64
10,1,114837,116518,268435456
10,2,238102,239258,4194304
10,3,14798,14819,262144
10,4,237504,238730,4194304
10,5,14789,14806,262144
10,6,238388,238299,4194304
10,7,69165,67815,1048576
10,8,96759,97985,1048576
10,9,11093,10715,65536
10,10,37216,36510,131072
10,11,124182,125412,262144
10,12,129148,130829,131072
10,13,33882,34082,16384
10,14,16898,16982,4096
10,15,16887,16922,2048
10,16,16877,16912,1024
10,17,16862,16907,512
10,18,136824,138012,2048
10,19,17476,17389,128
10,20,135940,136993,512
10,21,79790,81217,128
10,22,137301,135369,128
10,23,33729,33742,16
10,24,18271,18575,4
11,1,162249,163637,4194304
11,2,10841,10764,131072
11,3,11686,11615,131072
11,4,11675,11602,131072
11,5,11676,11597,131072
11,6,11679,11602,131072
11,7,219725,219616,2097152
11,8,21002,20255,131072
11,9,35693,35355,131072
11,10,16324,16070,32768
11,11,121814,122165,131072
11,12,65768,64961,32768
11,13,139893,139827,32768
11,14,140763,140517,16384
11,15,140774,140457,8192
11,16,140605,141278,4096
11,17,69798,70489,1024
11,18,17956,17571,128
11,19,17703,17912,64
11,20,138772,136653,256
11,21,39283,38916,32
11,22,35140,34981,16
11,23,140381,136999,32
11,24,36083,36683,4
12,1,114426,114459,268435456
12,2,16273,16306,131072
12,3,131312,130333,1048576
12,4,16351,16379,131072
12,5,16336,16372,131072
12,6,16332,16358,131072
12,7,21125,21160,131072
12,8,148559,149491,524288
12,9,16888,17184,32768
12,10,64319,64354,65536
12,11,15874,15884,8192
12,12,51991,52074,16384
12,13,15983,12903,2048
12,14,17353,13250,1024
12,15,17987,12941,512
12,16,17883,12874,256
12,17,17548,12916,128
12,18,20954,12845,64
12,19,20703,13582,32
12,20,19058,12956,16
12,21,18456,12924,8
12,22,17816,12951,4
12,23,17909,12962,2
12,24,153752,105808,8
13,1,14638,14600,131072
13,2,14626,14582,131072
13,3,179674,178798,1048576
13,4,93005,91297,524288
13,5,45511,44393,262144
13,6,11033,11095,65536
13,7,39151,38971,131072
13,8,18056,17950,32768
13,9,141034,142211,131072
13,10,34388,33910,16384
13,11,68193,67127,16384
13,12,16071,13069,2048
13,13,21665,21759,2048
13,14,14907,10828,512
13,15,16910,11360,256
13,16,18026,11104,128
13,17,18160,10857,64
13,18,19938,10826,32
13,19,19827,10741,16
13,20,19819,12055,8
13,21,19284,10788,4
13,22,18614,11011,2
13,23,19751,11173,1
13,24,39301,22390,1
14,1,107847,106346,524288
14,2,191544,189924,1048576
14,3,17032,17232,65536
14,4,137938,135409,524288
14,5,135681,135165,524288
14,6,17109,17036,65536
14,7,149958,150841,262144
14,8,146832,148358,131072
14,9,17539,17583,8192
14,10,17313,17226,4096
14,11,137668,138736,16384
14,12,17213,13234,1024
14,13,15371,11123,512
14,14,140375,139662,4096
14,15,28843,18080,256
14,16,32582,17729,128
14,17,36174,18123,64
14,18,40040,18281,32
14,19,42119,17968,16
14,20,39163,17894,8
14,21,40237,17770,4
14,22,39096,17920,2
14,23,39998,17972,1
14,24,85171,35643,1
15,1,14929,14859,33554432
15,2,58906,58346,134217728
15,3,30020,29488,65536
15,4,15266,15345,32768
15,5,14762,14891,32768
15,6,59537,58969,131072
15,7,151285,151373,131072
15,8,17882,18029,8192
15,9,17413,17451,4096
15,10,139342,138841,16384
15,11,139286,138820,8192
15,12,17355,12958,512
15,13,16572,10795,256
15,14,27894,17382,256
15,15,12775,12838,128
15,16,14937,13217,64
15,17,18889,12998,32
15,18,24234,12876,16
15,19,26608,12858,8
15,20,36868,13464,4
15,21,42112,13604,2
15,22,48220,13204,1
15,23,130742,25999,1
15,24,575852,104107,2
16,1,138397,132806,1048576
16,2,26782,26818,32768
16,3,108713,107117,131072
16,4,107910,109549,131072
16,5,108685,110286,131072
16,6,13269,13467,16384
16,7,73279,71671,32768
16,8,138551,139464,32768
16,9,139074,136600,16384
16,10,34215,33959,2048
16,11,16805,16811,512
16,12,17929,13421,256
16,13,17516,10770,128
16,14,32239,17524,128
16,15,14742,12818,64
16,16,18564,18667,64
16,17,21360,18652,32
16,18,27998,18498,16
16,19,34643,19244,8
16,20,37557,18504,4
16,21,53599,18521,2
16,22,59403,18959,1
16,23,265067,75270,2
16,24,355097,74852,1
17,1,10371,10232,16384
17,2,102155,100644,65536
17,3,211253,210759,131072
17,4,210076,211295,131072
17,5,13030,12974,8192
17,6,26074,25988,16384
17,7,35389,35289,8192
17,8,138876,141096,16384
17,9,137481,136731,8192
17,10,16927,16881,512
17,11,135652,135718,2048
17,12,17611,13000,128
17,13,18092,11025,64
17,14,35800,17496,64
17,15,18845,12817,32
17,16,21355,18396,32
17,17,53223,53296,64
17,18,15168,13350,8
17,19,20793,13347,4
17,20,23491,13577,2
17,21,27586,13601,1
17,22,71028,26887,1
17,23,161921,53576,1
17,24,360728,107996,1
18,1,114420,114436,268435456
18,2,127327,145649,32768
18,3,62908,60851,16384
18,4,14016,14025,4096
18,5,14012,14026,4096
18,6,28030,28040,8192
18,7,74316,73464,8192
18,8,141229,142257,8192
18,9,17650,17783,512
18,10,136466,136731,2048
18,11,33701,33694,256
18,12,21185,13229,64
18,13,19303,10873,32
18,14,38735,17761,32
18,15,24558,13101,16
18,16,27913,18465,16
18,17,15596,13762,8
18,18,18933,18994,8
18,19,21966,19339,4
18,20,27754,19020,2
18,21,34979,19421,1
18,22,73820,38577,1
18,23,195795,76039,1
18,24,449304,153662,1
19,1,230601,229961,536870912
19,2,12322,12244,2048
19,3,12320,12243,2048
19,4,12768,12653,2048
19,5,12334,12248,2048
19,6,12326,12253,2048
19,7,154478,156778,8192
19,8,36182,36213,1024
19,9,35376,35286,512
19,10,139803,141659,1024
19,11,34884,34484,128
19,12,38671,26619,64
19,13,18535,10857,16
19,14,41197,17664,16
19,15,26369,12838,8
19,16,33112,18450,8
19,17,20863,13460,4
19,18,21103,19009,4
19,19,13203,13230,2
19,20,14791,13226,1
19,21,39712,26249,1
19,22,92502,53354,1
19,23,204511,107824,1
19,24,540830,211883,1
20,1,13452,13484,8192
20,2,296414,196064,8192
20,3,218397,217898,16384
20,4,53239,53220,4096
20,5,13313,13308,1024
20,6,53232,53224,4096
20,7,17529,17539,512
20,8,137598,137606,2048
20,9,17025,17029,128
20,10,33906,33933,128
20,11,16901,16905,32
20,12,18515,12940,16
20,13,19029,10775,8
20,14,38566,17307,8
20,15,36849,12998,4
20,16,37330,18636,4
20,17,23750,13304,2
20,18,56089,38642,4
20,19,14849,13236,1
20,20,18533,18565,1
20,21,42621,37727,1
20,22,109163,75141,1
20,23,253142,150358,1
20,24,567071,297887,1
21,1,403243,245356,8192
21,2,408215,556383,8192
21,3,538032,409671,8192
21,4,204948,205161,8192
21,5,305049,304887,4096
21,6,18619,18601,256
21,7,139598,141800,2048
21,8,34391,34091,256
21,9,137560,135994,512
21,10,17426,28418,32
21,11,67312,68364,64
21,12,18490,12916,8
21,13,18777,10886,4
21,14,37850,17316,4
21,15,43007,13036,2
21,16,53154,18514,2
21,17,26807,13285,1
21,18,33567,19001,1
21,19,40615,26705,1
21,20,42109,37073,1
21,21,211311,212214,4
21,22,116210,106453,1
21,23,302862,211611,1
21,24,705848,425318,1
22,1,13951,14183,2048
22,2,49651,49699,1024
22,3,12413,12425,256
22,4,12412,12431,256
22,5,51043,50257,1024
22,6,12421,12434,256
22,7,17405,17243,128
22,8,34448,34074,128
22,9,137036,135796,256
22,10,16871,16885,16
22,11,33676,33688,16
22,12,18278,12946,4
22,13,18722,10801,2
22,14,38455,17656,2
22,15,46319,12893,1
22,16,58400,18931,1
22,17,69245,26876,1
22,18,74501,38010,1
22,19,93160,53414,1
22,20,111084,74540,1
22,21,114652,107792,1
22,22,142669,143152,1
22,23,320534,289245,1
22,24,839891,576992,1
23,1,14364,14303,33554432
23,2,176264,177849,1024
23,3,193317,196840,1024
23,4,106653,105712,512
23,5,217920,216414,1024
23,6,177699,179563,1024
23,7,148644,137702,512
23,8,33992,34016,64
23,9,135222,135230,128
23,10,34143,34485,16
23,11,135997,137823,32
23,12,18332,13314,2
23,13,19452,10833,1
23,14,38898,17713,1
23,15,130594,25774,1
23,16,128757,36998,1
23,17,162051,53530,1
23,18,196561,76285,1
23,19,206096,108459,1
23,20,254578,148917,1
23,21,302960,214274,1
23,22,320369,290068,1
23,23,401923,401001,1
23,24,891641,799105,1
24,1,171400,170055,1024
24,2,11039,11004,32
24,3,174358,173821,512
24,4,101129,97670,256
24,5,98037,94995,256
24,6,11540,11755,32
24,7,10679,10883,16
24,8,39861,40480,32
24,9,18632,18890,8
24,10,18154,18197,4
24,11,18093,17929,2
24,12,38529,26057,2
24,13,40571,22103,1
24,14,80196,34930,1
24,15,571165,103012,2
24,16,355003,74462,1
24,17,362503,107009,1
24,18,450831,154166,1
24,19,539943,211599,1
24,20,569055,299101,1
24,21,708324,429499,1
24,22,839091,578043,1
24,23,884150,806021,1
24,24,1111705,1109662,1
